source_id,title,provider,category,url,last_verified
OPP-001,"Chevening Scholarship - UK Government Overview","UK Government","Scholarship","https://www.gov.uk/postgraduate-scholarships-international-students","2026-09-27"
OPP-002,"Erasmus Mundus Joint Masters","European Commission","Scholarship","https://erasmus-plus.ec.europa.eu/opportunities/individuals/students/erasmus-mundus-joint-masters","2026-09-26"
OPP-003,"Turkiye Scholarships","Turkiye Scholarships","Scholarship","https://www.turkiyeburslari.gov.tr/scholarshipsprograms","2026-09-26"
OPP-004,"MEXT Scholarships","Government of Japan","Scholarship","https://www.studyinjapan.go.jp/en/planning/scholarships/mext-scholarships/","2026-09-26"
OPP-005,"Global Korea Scholarship","Study in Korea / NIIED","Scholarship","https://www.studyinkorea.go.kr/","2026-09-26"
OPP-006,"Romanian Government MFA Scholarship","Government of Romania","Scholarship","https://studyinromania.gov.ro/mfa_2026-2027","2026-09-26"
OPP-007,"MAECI Scholarships for Foreign Students","Government of Italy","Scholarship","https://www.esteri.it/en/servizi-opportunita/opportunita/borse-di-studio/per-cittadini-stranieri/borsestudio_stranieri/","2026-09-26"
OPP-008,"Swiss Government Excellence Scholarships","Swiss Confederation","Research Scholarship","https://www.sbfi.admin.ch/en/swiss-government-excellence-scholarships","2026-09-26"
OPP-009,"World Bank Group Young Professionals Program","World Bank Group","Young Professionals","https://www.worldbank.org/ext/en/careers/talent-programs/young-professionals-program","2026-09-27"
OPP-010,"World Bank Treasury Summer Internship","World Bank Group Treasury","Internship","https://treasury.worldbank.org/en/about/unit/treasury/about/student-and-graduate-careers","2026-09-27"
OPP-011,"IsDB Scholarship Programs","Islamic Development Bank","Scholarship","https://www.isdb.org/scholarships/scholarship-programs","2026-09-26"
OPP-012,"Joint Japan World Bank Graduate Scholarship Program","World Bank","Graduate Scholarship","https://www.worldbank.org/en/programs/scholarships/jj-wbgsp","2026-09-26"
OPP-013,"Brunei Darussalam Government Scholarship","Government of Brunei","Scholarship","https://www.mfa.gov.bn/pages/online-bdgs2.aspx","2026-09-27"
OPP-014,"KAUST Fellowship","KAUST","Graduate Scholarship","https://admissions.kaust.edu.sa/fees-funding","2026-09-26"
OPP-015,"KFUPM International Scholarships","KFUPM","Scholarship","https://www.kfupm.edu.sa/study/international-students/fees-and-scholarships","2026-09-26"
OPP-016,"HBKU Scholarships","Hamad Bin Khalifa University","Graduate Scholarship","https://www.hbku.edu.qa/en/scholarship","2026-09-26"
OPP-017,"Qatar University International Students Scholarship","Qatar University","Scholarship","https://www.qu.edu.qa/en-us/students/admission/scholarships/types","2026-09-26"
OPP-018,"Knight-Hennessy Scholars","Stanford University","Graduate Scholarship","https://knight-hennessy.stanford.edu/admission/before-you-apply/eligibility","2026-09-27"
OPP-019,"IsDB Young Professional Program","Islamic Development Bank","Young Professionals","https://careers.isdb.org/","2026-09-27"
OPP-020,"Tomorrow's Leaders Program","American University in Cairo","Scholarship","https://www.aucegypt.edu/admissions/scholarships/tomorrows-leaders-undergraduate-program","2026-09-26"
OPP-021,"Internal Scholarships for Non-Saudis","Saudi National Platform / Ministry of Education","Scholarship","https://my.gov.sa/en/services/18650","2026-09-27"
OPP-022,"International Student Scholarships","United Arab Emirates University","Scholarship","https://www.uaeu.ac.ae/en/admission/","2026-09-26"
OPP-023,"Stipendium Hungaricum","Tempus Public Foundation","Scholarship","https://stipendiumhungaricum.hu/","2026-09-26"
OPP-024,"WIPO Young Experts Program","WIPO","Young Professionals","https://www.wipo.int/en/web/working-at-wipo/young-experts-program","2026-09-27"
OPP-025,"UNICEF Internship Programme","UNICEF","Internship","https://www.unicef.org/careers/internships","2026-09-26"
OPP-026,"WFP Internship Programme","World Food Programme","Internship","https://www.wfp.org/careers/contract-types","2026-09-27"
OPP-027,"UNFPA Internship Programme","UNFPA","Internship","https://www.unfpa.org/jobs/unfpa-internship-program","2026-09-26"
OPP-028,"FAO Internship Programme","FAO","Internship","https://www.fao.org/employment/young-talent-programme/internship-programme/","2026-09-26"
OPP-029,"FAO Young Professionals Programme","FAO","Young Professionals","https://www.fao.org/employment/young-talent-programme/young-professionals-programme/en","2026-09-26"
OPP-030,"ILO Internship Opportunities","International Labour Organization","Internship","https://www.ilo.org/about-ilo/employment-opportunities","2026-09-26"
OPP-031,"UNESCO Internship Programme","UNESCO","Internship","https://careers.unesco.org/content/Internship-Programme/","2026-09-26"
OPP-032,"WIPO Internship Program","WIPO","Internship","https://www.wipo.int/en/web/working-at-wipo/internship-program","2026-09-26"
OPP-033,"WIPO Fellowship Program","WIPO","Fellowship","https://www.wipo.int/en/web/working-at-wipo/fellowship-program","2026-09-26"
OPP-034,"WTO Internship Opportunities","World Trade Organization","Internship","https://www.wto.org/english/thewto_e/vacan_e/vacan_e.htm","2026-09-26"
OPP-035,"WTO Young Professionals Programme","World Trade Organization","Young Professionals","https://www.wto.org/english/thewto_e/vacan_e/ypp_e.htm","2026-09-26"
OPP-036,"World Bank Group Pioneers Internship","World Bank Group","Internship","https://www.worldbank.org/ext/en/careers/talent-programs/wbg-pioneers","2026-09-26"
OPP-037,"FAO Fellows Programme","FAO","Fellowship","https://www.fao.org/employment/young-talent-programme/fellows-programme/en","2026-09-27"
OPP-038,"FAO Volunteer Programme","FAO","Volunteer","https://www.fao.org/employment/young-talent-programme/volunteer-programme/en","2026-09-27"
OPP-039,"ICANN Fellowship Program","ICANN","Fellowship","https://www.icann.org/fellowshipprogram","2026-09-26"
OPP-040,"Internet Society Fellowship Programs","Internet Society","Tech Fellowship","https://www.internetsociety.org/fellowship/","2026-09-26"
OPP-041,"Outreachy Internships","Outreachy","Remote Tech Internship","https://www.outreachy.org/apply/eligibility/","2026-09-26"
OPP-042,"Google Summer of Code","Google","Open Source / Tech","https://summerofcode.withgoogle.com/get-started","2026-09-26"
OPP-043,"GitHub Campus Experts","GitHub","Tech / Leadership","https://docs.github.com/en/education/about-github-education/use-github-at-your-educational-institution/applying-to-be-a-github-campus-expert","2026-09-26"
OPP-044,"Swift Student Challenge","Apple","Tech Competition","https://developer.apple.com/swift-student-challenge/eligibility/","2026-09-26"
OPP-045,"MEPI Student Leaders Program","U.S.-Middle East Partnership Initiative","Leadership","https://studentleaders-apply.smapply.io/res/p/FAQ/","2026-09-26"
OPP-046,"One Young World Scholarships","One Young World","Leadership Scholarship","https://www.oneyoungworld.com/scholarships","2026-09-26"
OPP-047,"UNOPS Jobs and Internship Opportunities","UNOPS","Internship / Careers","https://www.unops.org/jobs","2026-09-27"
OPP-048,"Hult Prize","Hult Prize Foundation","Startup Competition","https://www.hultprize.org/how-it-works","2026-09-26"
OPP-049,"NASA International Space Apps Challenge","NASA","Hackathon / Innovation","https://www.nasa.gov/prizes-challenges-and-crowdsourcing/","2026-09-27"
OPP-050,"UNICEF Venture Fund","UNICEF","Startup Funding","https://www.unicefventurefund.org/apply-funding","2026-09-26"