source_id,chunk_id,chunk_index,characters,tokens,status,issues
OPP-001,OPP-001-CH-001,1,1218,256,good,
OPP-002,OPP-002-CH-001,1,2930,577,good,
OPP-002,OPP-002-CH-002,2,565,124,good,
OPP-003,OPP-003-CH-001,1,2208,495,good,
OPP-004,OPP-004-CH-001,1,2905,573,good,
OPP-004,OPP-004-CH-002,2,2845,572,good,
OPP-004,OPP-004-CH-003,3,3172,557,good,
OPP-004,OPP-004-CH-004,4,712,120,good,
OPP-005,OPP-005-CH-001,1,2402,571,good,
OPP-005,OPP-005-CH-002,2,2072,579,good,
OPP-005,OPP-005-CH-003,3,1218,555,good,
OPP-005,OPP-005-CH-004,4,1499,574,good,
OPP-005,OPP-005-CH-005,5,1797,498,good,
OPP-006,OPP-006-CH-001,1,2654,538,good,
OPP-006,OPP-006-CH-002,2,2767,561,good,
OPP-006,OPP-006-CH-003,3,461,157,good,
OPP-007,OPP-007-CH-001,1,2172,584,good,
OPP-007,OPP-007-CH-002,2,1385,362,good,
OPP-008,OPP-008-CH-001,1,3028,573,good,
OPP-008,OPP-008-CH-002,2,1891,410,good,
OPP-009,OPP-009-CH-001,1,2200,572,good,
OPP-009,OPP-009-CH-002,2,2621,582,good,
OPP-009,OPP-009-CH-003,3,2542,592,good,
OPP-009,OPP-009-CH-004,4,2284,569,good,
OPP-009,OPP-009-CH-005,5,2954,562,good,
OPP-009,OPP-009-CH-006,6,3129,583,good,
OPP-009,OPP-009-CH-007,7,2870,532,good,
OPP-009,OPP-009-CH-008,8,2950,568,good,
OPP-009,OPP-009-CH-009,9,2367,584,good,
OPP-009,OPP-009-CH-010,10,360,100,good,
OPP-010,OPP-010-CH-001,1,2677,593,good,
OPP-010,OPP-010-CH-002,2,2400,478,good,
OPP-010,OPP-010-CH-003,3,2685,584,good,
OPP-010,OPP-010-CH-004,4,1814,355,good,
OPP-010,OPP-010-CH-005,5,2913,568,good,
OPP-010,OPP-010-CH-006,6,2896,582,good,
OPP-010,OPP-010-CH-007,7,2903,576,good,
OPP-010,OPP-010-CH-008,8,2867,576,good,
OPP-010,OPP-010-CH-009,9,2049,478,good,
OPP-011,OPP-011-CH-001,1,1524,313,good,
OPP-012,OPP-012-CH-001,1,2779,583,good,
OPP-012,OPP-012-CH-002,2,2845,564,good,
OPP-012,OPP-012-CH-003,3,2958,555,good,
OPP-012,OPP-012-CH-004,4,1482,367,good,
OPP-013,OPP-013-CH-001,1,2529,571,good,
OPP-013,OPP-013-CH-002,2,2625,556,good,
OPP-013,OPP-013-CH-003,3,2589,512,good,
OPP-014,OPP-014-CH-001,1,1789,366,good,
OPP-015,OPP-015-CH-001,1,2630,582,good,
OPP-015,OPP-015-CH-002,2,2626,543,good,
OPP-016,OPP-016-CH-001,1,2187,578,good,
OPP-016,OPP-016-CH-002,2,2768,577,good,
OPP-016,OPP-016-CH-003,3,621,114,good,
OPP-017,OPP-017-CH-001,1,3101,567,good,
OPP-017,OPP-017-CH-002,2,2965,542,good,
OPP-017,OPP-017-CH-003,3,3044,549,good,
OPP-017,OPP-017-CH-004,4,3022,552,good,
OPP-017,OPP-017-CH-005,5,3016,563,good,
OPP-017,OPP-017-CH-006,6,2895,544,good,
OPP-017,OPP-017-CH-007,7,3092,579,good,
OPP-017,OPP-017-CH-008,8,3176,574,good,
OPP-017,OPP-017-CH-009,9,3083,542,good,
OPP-017,OPP-017-CH-010,10,3196,565,good,
OPP-017,OPP-017-CH-011,11,1044,196,good,
OPP-018,OPP-018-CH-001,1,2785,582,good,
OPP-018,OPP-018-CH-002,2,2331,491,good,
OPP-018,OPP-018-CH-003,3,2668,585,good,
OPP-018,OPP-018-CH-004,4,504,107,good,
OPP-019,OPP-019-CH-001,1,2810,541,good,
OPP-020,OPP-020-CH-001,1,3024,584,good,
OPP-020,OPP-020-CH-002,2,2798,568,good,
OPP-020,OPP-020-CH-003,3,1953,362,good,
OPP-022,OPP-022-CH-001,1,2046,391,good,
OPP-023,OPP-023-CH-001,1,2777,557,good,
OPP-023,OPP-023-CH-002,2,639,130,good,
OPP-024,OPP-024-CH-001,1,2870,583,good,
OPP-024,OPP-024-CH-002,2,2762,579,good,
OPP-024,OPP-024-CH-003,3,2673,542,good,
OPP-024,OPP-024-CH-004,4,2890,572,good,
OPP-024,OPP-024-CH-005,5,2031,444,good,
OPP-025,OPP-025-CH-001,1,2672,574,good,
OPP-025,OPP-025-CH-002,2,1097,232,good,
OPP-026,OPP-026-CH-001,1,2995,559,good,
OPP-026,OPP-026-CH-002,2,3024,553,good,
OPP-026,OPP-026-CH-003,3,2968,574,good,
OPP-026,OPP-026-CH-004,4,3018,571,good,
OPP-026,OPP-026-CH-005,5,2573,473,good,
OPP-026,OPP-026-CH-006,6,3178,553,good,
OPP-026,OPP-026-CH-007,7,2865,490,good,
OPP-026,OPP-026-CH-008,8,3272,589,good,
OPP-026,OPP-026-CH-009,9,1443,260,good,
OPP-027,OPP-027-CH-001,1,1810,331,good,
OPP-028,OPP-028-CH-001,1,2679,505,good,
OPP-029,OPP-029-CH-001,1,3051,581,good,
OPP-029,OPP-029-CH-002,2,989,277,good,
OPP-030,OPP-030-CH-001,1,2975,585,good,
OPP-030,OPP-030-CH-002,2,509,96,good,
OPP-031,OPP-031-CH-001,1,3040,567,good,
OPP-031,OPP-031-CH-002,2,1996,377,good,
OPP-032,OPP-032-CH-001,1,3015,583,good,
OPP-032,OPP-032-CH-002,2,2827,547,good,
OPP-032,OPP-032-CH-003,3,2843,560,good,
OPP-032,OPP-032-CH-004,4,1651,375,good,
OPP-033,OPP-033-CH-001,1,3135,581,good,
OPP-033,OPP-033-CH-002,2,2880,578,good,
OPP-033,OPP-033-CH-003,3,3089,580,good,
OPP-033,OPP-033-CH-004,4,1132,278,good,
OPP-034,OPP-034-CH-001,1,2920,554,good,
OPP-035,OPP-035-CH-001,1,2829,521,good,
OPP-036,OPP-036-CH-001,1,2483,588,good,
OPP-036,OPP-036-CH-002,2,2556,584,good,
OPP-036,OPP-036-CH-003,3,2303,588,good,
OPP-036,OPP-036-CH-004,4,563,159,good,
OPP-037,OPP-037-CH-001,1,2060,394,good,
OPP-038,OPP-038-CH-001,1,1924,366,good,
OPP-039,OPP-039-CH-001,1,2472,599,good,
OPP-039,OPP-039-CH-002,2,2335,590,good,
OPP-039,OPP-039-CH-003,3,2650,553,good,
OPP-039,OPP-039-CH-004,4,2906,585,good,
OPP-039,OPP-039-CH-005,5,2637,582,good,
OPP-039,OPP-039-CH-006,6,1397,268,good,
OPP-040,OPP-040-CH-001,1,3161,571,good,
OPP-040,OPP-040-CH-002,2,3114,575,good,
OPP-040,OPP-040-CH-003,3,2938,580,good,
OPP-040,OPP-040-CH-004,4,2830,547,good,
OPP-040,OPP-040-CH-005,5,3128,558,good,
OPP-040,OPP-040-CH-006,6,2879,580,good,
OPP-040,OPP-040-CH-007,7,2840,508,good,
OPP-040,OPP-040-CH-008,8,3133,580,good,
OPP-040,OPP-040-CH-009,9,620,131,good,
OPP-041,OPP-041-CH-001,1,2506,584,good,
OPP-041,OPP-041-CH-002,2,2615,551,good,
OPP-041,OPP-041-CH-003,3,2966,585,good,
OPP-041,OPP-041-CH-004,4,1881,365,good,
OPP-042,OPP-042-CH-001,1,788,155,good,
OPP-043,OPP-043-CH-001,1,2834,564,good,
OPP-043,OPP-043-CH-002,2,637,128,good,
OPP-044,OPP-044-CH-001,1,2577,518,good,
OPP-045,OPP-045-CH-001,1,2903,576,good,
OPP-045,OPP-045-CH-002,2,2890,556,good,
OPP-045,OPP-045-CH-003,3,2910,556,good,
OPP-045,OPP-045-CH-004,4,2668,575,good,
OPP-045,OPP-045-CH-005,5,2773,583,good,
OPP-045,OPP-045-CH-006,6,2735,559,good,
OPP-045,OPP-045-CH-007,7,1925,387,good,
OPP-046,OPP-046-CH-001,1,2928,568,good,
OPP-046,OPP-046-CH-002,2,3174,573,good,
OPP-047,OPP-047-CH-001,1,1780,350,good,
OPP-048,OPP-048-CH-001,1,2790,572,good,
OPP-048,OPP-048-CH-002,2,1620,311,good,
OPP-049,OPP-049-CH-001,1,3012,587,good,
OPP-049,OPP-049-CH-002,2,2892,580,good,
OPP-049,OPP-049-CH-003,3,996,196,good,
OPP-050,OPP-050-CH-001,1,2318,597,good,
OPP-050,OPP-050-CH-002,2,2060,597,good,
OPP-050,OPP-050-CH-003,3,1695,597,good,
OPP-050,OPP-050-CH-004,4,2166,590,good,
OPP-050,OPP-050-CH-005,5,2675,533,good,
OPP-050,OPP-050-CH-006,6,2801,564,good,
OPP-050,OPP-050-CH-007,7,2855,556,good,
OPP-050,OPP-050-CH-008,8,2792,529,good,
OPP-050,OPP-050-CH-009,9,3005,562,good,
OPP-050,OPP-050-CH-010,10,2897,573,good,
OPP-050,OPP-050-CH-011,11,2321,454,good,
