source_id,title,provider,category,url,characters,words,status,issues
OPP-001,Chevening Scholarship - UK Government Overview,UK Government,Scholarship,https://www.gov.uk/postgraduate-scholarships-international-students,1218,212,good,
OPP-002,Erasmus Mundus Joint Masters,European Commission,Scholarship,https://erasmus-plus.ec.europa.eu/opportunities/individuals/students/erasmus-mundus-joint-masters,3160,476,good,
OPP-003,Turkiye Scholarships,Turkiye Scholarships,Scholarship,https://www.turkiyeburslari.gov.tr/scholarshipsprograms,2208,297,good,
OPP-004,MEXT Scholarships,Government of Japan,Scholarship,https://www.studyinjapan.go.jp/en/planning/scholarships/mext-scholarships/,8531,1236,good,
OPP-005,Global Korea Scholarship,Study in Korea / NIIED,Scholarship,https://www.studyinkorea.go.kr/,8046,1116,good,
OPP-006,Romanian Government MFA Scholarship,Government of Romania,Scholarship,https://studyinromania.gov.ro/mfa_2026-2027,5455,819,good,
OPP-007,MAECI Scholarships for Foreign Students,Government of Italy,Scholarship,https://www.esteri.it/en/servizi-opportunita/opportunita/borse-di-studio/per-cittadini-stranieri/borsestudio_stranieri/,3310,453,good,
OPP-008,Swiss Government Excellence Scholarships,Swiss Confederation,Research Scholarship,https://www.sbfi.admin.ch/en/swiss-government-excellence-scholarships,4523,629,good,
OPP-009,World Bank Group Young Professionals Program,World Bank Group,Young Professionals,https://www.worldbank.org/ext/en/careers/talent-programs/young-professionals-program,21503,3007,good,
OPP-010,World Bank Treasury Summer Internship,World Bank Group Treasury,Internship,https://treasury.worldbank.org/en/about/unit/treasury/about/student-and-graduate-careers,20270,3023,good,
OPP-011,IsDB Scholarship Programs,Islamic Development Bank,Scholarship,https://www.isdb.org/scholarships/scholarship-programs,1524,188,good,
OPP-012,Joint Japan World Bank Graduate Scholarship Program,World Bank,Graduate Scholarship,https://www.worldbank.org/en/programs/scholarships/jj-wbgsp,8920,1310,good,
OPP-013,Brunei Darussalam Government Scholarship,Government of Brunei,Scholarship,https://www.mfa.gov.bn/pages/online-bdgs2.aspx,6983,1027,good,
OPP-014,KAUST Fellowship,KAUST,Graduate Scholarship,https://admissions.kaust.edu.sa/fees-funding,1789,287,good,
OPP-015,KFUPM International Scholarships,KFUPM,Scholarship,https://www.kfupm.edu.sa/study/international-students/fees-and-scholarships,4853,691,good,
OPP-016,HBKU Scholarships,Hamad Bin Khalifa University,Graduate Scholarship,https://www.hbku.edu.qa/en/scholarship,4778,741,good,
OPP-017,Qatar University International Students Scholarship,Qatar University,Scholarship,https://www.qu.edu.qa/en-us/students/admission/scholarships/types,27820,3992,good,
OPP-018,Knight-Hennessy Scholars,Stanford University,Graduate Scholarship,https://knight-hennessy.stanford.edu/admission/before-you-apply/eligibility,7335,1171,good,
OPP-019,IsDB Young Professional Program,Islamic Development Bank,Young Professionals,https://careers.isdb.org/,2810,440,good,
OPP-020,Tomorrow's Leaders Program,American University in Cairo,Scholarship,https://www.aucegypt.edu/admissions/scholarships/tomorrows-leaders-undergraduate-program,6952,983,good,
OPP-022,International Student Scholarships,United Arab Emirates University,Scholarship,https://www.uaeu.ac.ae/en/admission/,2046,293,good,
OPP-023,Stipendium Hungaricum,Tempus Public Foundation,Scholarship,https://stipendiumhungaricum.hu/,3079,469,good,
OPP-024,WIPO Young Experts Program,WIPO,Young Professionals,https://www.wipo.int/en/web/working-at-wipo/young-experts-program,12085,1867,good,
OPP-025,UNICEF Internship Programme,UNICEF,Internship,https://www.unicef.org/careers/internships,3301,521,good,
OPP-026,WFP Internship Programme,World Food Programme,Internship,https://www.wfp.org/careers/contract-types,23119,3284,good,
OPP-027,UNFPA Internship Programme,UNFPA,Internship,https://www.unfpa.org/jobs/unfpa-internship-program,1810,276,good,
OPP-028,FAO Internship Programme,FAO,Internship,https://www.fao.org/employment/young-talent-programme/internship-programme/,2679,404,good,
OPP-029,FAO Young Professionals Programme,FAO,Young Professionals,https://www.fao.org/employment/young-talent-programme/young-professionals-programme/en,3804,558,good,
OPP-030,ILO Internship Opportunities,International Labour Organization,Internship,https://www.ilo.org/about-ilo/employment-opportunities,3072,477,good,
OPP-031,UNESCO Internship Programme,UNESCO,Internship,https://careers.unesco.org/content/Internship-Programme/,4608,732,good,
OPP-032,WIPO Internship Program,WIPO,Internship,https://www.wipo.int/en/web/working-at-wipo/internship-program,9189,1401,good,
OPP-033,WIPO Fellowship Program,WIPO,Fellowship,https://www.wipo.int/en/web/working-at-wipo/fellowship-program,9516,1443,good,
OPP-034,WTO Internship Opportunities,World Trade Organization,Internship,https://www.wto.org/english/thewto_e/vacan_e/vacan_e.htm,2920,438,good,
OPP-035,WTO Young Professionals Programme,World Trade Organization,Young Professionals,https://www.wto.org/english/thewto_e/vacan_e/ypp_e.htm,2829,421,good,
OPP-036,World Bank Group Pioneers Internship,World Bank Group,Internship,https://www.worldbank.org/ext/en/careers/talent-programs/wbg-pioneers,6962,776,good,
OPP-037,FAO Fellows Programme,FAO,Fellowship,https://www.fao.org/employment/young-talent-programme/fellows-programme/en,2060,314,good,
OPP-038,FAO Volunteer Programme,FAO,Volunteer,https://www.fao.org/employment/young-talent-programme/volunteer-programme/en,1924,286,good,
OPP-039,ICANN Fellowship Program,ICANN,Fellowship,https://www.icann.org/fellowshipprogram,12438,1727,good,
OPP-040,Internet Society Fellowship Programs,Internet Society,Tech Fellowship,https://www.internetsociety.org/fellowship/,21542,3030,good,
OPP-041,Outreachy Internships,Outreachy,Remote Tech Internship,https://www.outreachy.org/apply/eligibility/,8795,1419,good,
OPP-042,Google Summer of Code,Google,Open Source / Tech,https://summerofcode.withgoogle.com/get-started,788,128,review,short
OPP-043,GitHub Campus Experts,GitHub,Tech / Leadership,https://docs.github.com/en/education/about-github-education/use-github-at-your-educational-institution/applying-to-be-a-github-campus-expert,3118,519,good,
OPP-044,Swift Student Challenge,Apple,Tech Competition,https://developer.apple.com/swift-student-challenge/eligibility/,2577,419,good,
OPP-045,MEPI Student Leaders Program,U.S.-Middle East Partnership Initiative,Leadership,https://studentleaders-apply.smapply.io/res/p/FAQ/,16651,2580,good,
OPP-046,One Young World Scholarships,One Young World,Leadership Scholarship,https://www.oneyoungworld.com/scholarships,5704,891,good,
OPP-047,UNOPS Jobs and Internship Opportunities,UNOPS,Internship / Careers,https://www.unops.org/jobs,1780,273,good,
OPP-048,Hult Prize,Hult Prize Foundation,Startup Competition,https://www.hultprize.org/how-it-works,4202,654,good,
OPP-049,NASA International Space Apps Challenge,NASA,Hackathon / Innovation,https://www.nasa.gov/prizes-challenges-and-crowdsourcing/,6311,919,good,
OPP-050,UNICEF Venture Fund,UNICEF,Startup Funding,https://www.unicefventurefund.org/apply-funding,23925,3781,good,
